ADVERTISER,PRODUCT,DATE,Q,CHANNEL,SOURCE,ACTUAL_SPEND,REPORTED_SPEND,CORRECTION_FACTOR,ADJUSTED_SPEND,FACTOR_BASIS,FACTOR_CONFIDENCE,IMPRESSIONS,PUBLISHERS
Netsuite,QuickBooks,2025-07-01,2025Q3,Display,Online,0.0,0.0,4.965841448037541,0.0,"QB-proxy | rolling | Z from $3,623 tracked, K=$2,826 | capped@Search 4.97x",low (capped - no credible Display/Video volume),0.0,0.0
Netsuite,QuickBooks,2025-08-01,2025Q3,Display,Online,0.0,0.0,4.965841448037541,0.0,"QB-proxy | rolling | Z from $3,623 tracked, K=$2,826 | capped@Search 4.97x",low (capped - no credible Display/Video volume),0.0,0.0
Netsuite,QuickBooks,2025-09-01,2025Q3,Display,Online,0.0,0.0,4.965841448037541,0.0,"QB-proxy | rolling | Z from $3,623 tracked, K=$2,826 | capped@Search 4.97x",low (capped - no credible Display/Video volume),0.0,0.0
Netsuite,QuickBooks,2025-10-01,2025Q4,Display,Online,0.0,0.0,4.7975454218808276,0.0,"QB-proxy | rolling | Z from $2,276 tracked, K=$2,826 | capped@Search 4.80x",low (capped - no credible Display/Video volume),0.0,0.0
Netsuite,QuickBooks,2025-11-01,2025Q4,Display,Online,0.0,1684.69,4.7975454218808276,8082.376796788411,"QB-proxy | rolling | Z from $2,276 tracked, K=$2,826 | capped@Search 4.80x",low (capped - no credible Display/Video volume),724528.0,6.0
Netsuite,QuickBooks,2025-12-01,2025Q4,Display,Online,0.0,6196.95,4.7975454218808276,29730.149102124393,"QB-proxy | rolling | Z from $2,276 tracked, K=$2,826 | capped@Search 4.80x",low (capped - no credible Display/Video volume),2668269.0,26.0
Netsuite,QuickBooks,2026-01-01,2026Q1,Display,Online,0.0,2547.36,4.554811061692058,11602.743506111881,"QB-proxy | rolling | Z from $10,656 tracked, K=$2,826 | capped@Search 4.55x",low (capped - no credible Display/Video volume),1093203.0,12.0
Netsuite,QuickBooks,2026-02-01,2026Q1,Display,Online,0.0,361.73,4.554811061692058,1647.611805345868,"QB-proxy | rolling | Z from $10,656 tracked, K=$2,826 | capped@Search 4.55x",low (capped - no credible Display/Video volume),160084.0,4.0
Netsuite,QuickBooks,2026-03-01,2026Q1,Display,Online,0.0,2060.65,4.554811061692058,9385.871414275738,"QB-proxy | rolling | Z from $10,656 tracked, K=$2,826 | capped@Search 4.55x",low (capped - no credible Display/Video volume),849285.0,6.0
Netsuite,QuickBooks,2026-04-01,2026Q2,Display,Online,0.0,1953.55,7.41501625648949,14485.605007865042,"QB-proxy | rolling | Z from $14,814 tracked, K=$2,826 | capped@Search 7.42x",low (capped - no credible Display/Video volume),770252.0,11.0
Netsuite,QuickBooks,2025-07-01,2025Q3,Social,Online,0.0,8069.96,1.7902533784236152,14447.273153743437,"QB-proxy | rolling | Z from $1,632,952 tracked, K=$1,835,628",low (factor borrowed from QuickBooks),2149856.0,3.0
Netsuite,QuickBooks,2025-08-01,2025Q3,Social,Online,0.0,10982.32,1.7902533784236152,19661.135482929236,"QB-proxy | rolling | Z from $1,632,952 tracked, K=$1,835,628",low (factor borrowed from QuickBooks),3165516.0,3.0
Netsuite,QuickBooks,2025-09-01,2025Q3,Social,Online,0.0,13579.15,1.7902533784236152,24310.119163621035,"QB-proxy | rolling | Z from $1,632,952 tracked, K=$1,835,628",low (factor borrowed from QuickBooks),3996449.0,3.0
Netsuite,QuickBooks,2025-10-01,2025Q4,Social,Online,0.0,21352.44,0.4907439479773712,10478.580704549939,"QB-proxy | rolling | Z from $4,676,638 tracked, K=$1,835,628",low (factor borrowed from QuickBooks),5965069.0,3.0
Netsuite,QuickBooks,2025-11-01,2025Q4,Social,Online,0.0,7477.72,0.4907439479773712,3669.6458346693485,"QB-proxy | rolling | Z from $4,676,638 tracked, K=$1,835,628",low (factor borrowed from QuickBooks),2481546.0,3.0
Netsuite,QuickBooks,2025-12-01,2025Q4,Social,Online,0.0,1034.17,0.4907439479773712,507.512668679758,"QB-proxy | rolling | Z from $4,676,638 tracked, K=$1,835,628",low (factor borrowed from QuickBooks),995842.0,3.0
Netsuite,QuickBooks,2026-01-01,2026Q1,Social,Online,0.0,58467.57,0.9614774684262264,56215.25118863318,"QB-proxy | rolling | Z from $1,853,852 tracked, K=$1,835,628",low (factor borrowed from QuickBooks),14568133.0,4.0
Netsuite,QuickBooks,2026-02-01,2026Q1,Social,Online,0.0,107393.25,0.9614774684262264,103256.19013606483,"QB-proxy | rolling | Z from $1,853,852 tracked, K=$1,835,628",low (factor borrowed from QuickBooks),25432224.0,3.0
Netsuite,QuickBooks,2026-03-01,2026Q1,Social,Online,0.0,92490.72,0.9614774684262264,88927.74331851894,"QB-proxy | rolling | Z from $1,853,852 tracked, K=$1,835,628",low (factor borrowed from QuickBooks),23408582.0,4.0
Netsuite,QuickBooks,2026-04-01,2026Q2,Social,Online,0.0,156174.02,1.5624898043487705,244020.31395416096,"QB-proxy | rolling | Z from $134,718 tracked, K=$1,835,628",low (factor borrowed from QuickBooks),34296032.0,4.0
Netsuite,QuickBooks,2025-07-01,2025Q3,Video,Online,0.0,0.0,4.965841448037541,0.0,"QB-proxy | rolling | Z from $79,750 tracked, K=$35,842 | capped@Search 4.97x",low (capped - no credible Display/Video volume),0.0,0.0
Netsuite,QuickBooks,2025-08-01,2025Q3,Video,Online,0.0,0.0,4.965841448037541,0.0,"QB-proxy | rolling | Z from $79,750 tracked, K=$35,842 | capped@Search 4.97x",low (capped - no credible Display/Video volume),0.0,0.0
Netsuite,QuickBooks,2025-09-01,2025Q3,Video,Online,0.0,0.0,4.965841448037541,0.0,"QB-proxy | rolling | Z from $79,750 tracked, K=$35,842 | capped@Search 4.97x",low (capped - no credible Display/Video volume),0.0,0.0
Netsuite,QuickBooks,2025-10-01,2025Q4,Video,Online,0.0,0.0,4.7975454218808276,0.0,"QB-proxy | rolling | Z from $61,736 tracked, K=$35,842 | capped@Search 4.80x",low (capped - no credible Display/Video volume),0.0,0.0
Netsuite,QuickBooks,2025-11-01,2025Q4,Video,Online,0.0,0.0,4.7975454218808276,0.0,"QB-proxy | rolling | Z from $61,736 tracked, K=$35,842 | capped@Search 4.80x",low (capped - no credible Display/Video volume),0.0,0.0
Netsuite,QuickBooks,2025-12-01,2025Q4,Video,Online,0.0,0.0,4.7975454218808276,0.0,"QB-proxy | rolling | Z from $61,736 tracked, K=$35,842 | capped@Search 4.80x",low (capped - no credible Display/Video volume),0.0,0.0
Netsuite,QuickBooks,2026-01-01,2026Q1,Video,Online,0.0,23.17,4.554811061692058,105.53497229940498,"QB-proxy | rolling | Z from $3,664 tracked, K=$35,842 | capped@Search 4.55x",low (capped - no credible Display/Video volume),6841.0,1.0
Netsuite,QuickBooks,2026-02-01,2026Q1,Video,Online,0.0,0.0,4.554811061692058,0.0,"QB-proxy | rolling | Z from $3,664 tracked, K=$35,842 | capped@Search 4.55x",low (capped - no credible Display/Video volume),0.0,0.0
Netsuite,QuickBooks,2026-03-01,2026Q1,Video,Online,0.0,2.45,4.554811061692058,11.159287101145543,"QB-proxy | rolling | Z from $3,664 tracked, K=$35,842 | capped@Search 4.55x",low (capped - no credible Display/Video volume),0.0,1.0
Netsuite,QuickBooks,2026-04-01,2026Q2,Video,Online,0.0,4.01,7.41501625648949,29.734215188522853,"QB-proxy | rolling | Z from $1,027 tracked, K=$35,842 | capped@Search 7.42x",low (capped - no credible Display/Video volume),0.0,1.0
QuickBooks,QuickBooks,2025-07-01,2025Q3,Digital,Online,1499305.5786300572,0.0,,1499305.5786300572,QB invoiced | invoiced actual replaces the modelled search estimate,invoiced,,
QuickBooks,QuickBooks,2025-08-01,2025Q3,Digital,Online,910727.0449105052,0.0,,910727.0449105052,QB invoiced | invoiced actual replaces the modelled search estimate,invoiced,,
QuickBooks,QuickBooks,2025-09-01,2025Q3,Digital,Online,733107.6315053098,0.0,,733107.6315053098,QB invoiced | invoiced actual replaces the modelled search estimate,invoiced,,
QuickBooks,QuickBooks,2025-10-01,2025Q4,Digital,Online,1054142.013623441,0.0,,1054142.013623441,QB invoiced | invoiced actual replaces the modelled search estimate,invoiced,,
QuickBooks,QuickBooks,2025-11-01,2025Q4,Digital,Online,1270290.4113620848,0.0,,1270290.4113620848,QB invoiced | invoiced actual replaces the modelled search estimate,invoiced,,
QuickBooks,QuickBooks,2025-12-01,2025Q4,Digital,Online,513526.2446880812,0.0,,513526.2446880812,QB invoiced | invoiced actual replaces the modelled search estimate,invoiced,,
QuickBooks,QuickBooks,2026-01-01,2026Q1,Digital,Online,1658864.8885071105,0.0,,1658864.8885071105,QB invoiced | invoiced actual replaces the modelled search estimate,invoiced,,
QuickBooks,QuickBooks,2026-02-01,2026Q1,Digital,Intuit Actuals,724083.052436004,0.0,,724083.052436004,QB invoiced | invoiced actual - no tracker row exists for this month,invoiced,,
QuickBooks,QuickBooks,2026-03-01,2026Q1,Digital,Online,1573298.4177117937,0.0,,1573298.4177117937,QB invoiced | invoiced actual replaces the modelled search estimate,invoiced,,
QuickBooks,QuickBooks,2026-04-01,2026Q2,Digital,Online,1088634.0711801979,0.0,,1088634.0711801979,QB invoiced | invoiced actual replaces the modelled search estimate,invoiced,,
QuickBooks,QuickBooks,2025-07-01,2025Q3,Display,Online,48516.391558854004,284.9,4.965841448037541,1414.7682285458952,"QB ground-truth | rolling | Z from $3,623 tracked, K=$2,826 | capped@Search 4.97x",low (capped - no credible Display/Video volume),415208.0,4.0
QuickBooks,QuickBooks,2025-08-01,2025Q3,Display,Online,43269.777863654366,674.12,4.965841448037541,3347.573036951067,"QB ground-truth | rolling | Z from $3,623 tracked, K=$2,826 | capped@Search 4.97x",low (capped - no credible Display/Video volume),346030.0,98.0
QuickBooks,QuickBooks,2025-09-01,2025Q3,Display,Online,49117.44522151095,1317.42,4.965841448037541,6542.098840473617,"QB ground-truth | rolling | Z from $3,623 tracked, K=$2,826 | capped@Search 4.97x",low (capped - no credible Display/Video volume),640894.0,122.0
QuickBooks,QuickBooks,2025-10-01,2025Q4,Display,Online,103612.10134210733,292.82,4.7975454218808276,1404.817250435144,"QB ground-truth | rolling | Z from $2,276 tracked, K=$2,826 | capped@Search 4.80x",low (capped - no credible Display/Video volume),156998.0,72.0
QuickBooks,QuickBooks,2025-11-01,2025Q4,Display,Online,91631.02364417595,355.14,4.7975454218808276,1703.800281126757,"QB ground-truth | rolling | Z from $2,276 tracked, K=$2,826 | capped@Search 4.80x",low (capped - no credible Display/Video volume),172836.0,46.0
QuickBooks,QuickBooks,2025-12-01,2025Q4,Display,Online,70874.38636765609,10007.66,4.7975454218808276,48012.20341673988,"QB ground-truth | rolling | Z from $2,276 tracked, K=$2,826 | capped@Search 4.80x",low (capped - no credible Display/Video volume),5019038.0,218.0
QuickBooks,QuickBooks,2026-01-01,2026Q1,Display,Online,67809.8174387549,11225.54,4.554811061692058,51130.213765466666,"QB ground-truth | rolling | Z from $10,656 tracked, K=$2,826 | capped@Search 4.55x",low (capped - no credible Display/Video volume),6144708.0,168.0
QuickBooks,QuickBooks,2026-02-01,2026Q1,Display,Online,116213.83519742418,2564.72,4.554811061692058,11681.815026142853,"QB ground-truth | rolling | Z from $10,656 tracked, K=$2,826 | capped@Search 4.55x",low (capped - no credible Display/Video volume),1314542.0,54.0
QuickBooks,QuickBooks,2026-03-01,2026Q1,Display,Online,350535.3257339661,1023.78,4.554811061692058,4663.1244687390945,"QB ground-truth | rolling | Z from $10,656 tracked, K=$2,826 | capped@Search 4.55x",low (capped - no credible Display/Video volume),502731.0,21.0
QuickBooks,QuickBooks,2026-04-01,2026Q2,Display,Online,99957.80750381087,14395.81,7.41501625648949,106745.16517533395,"QB ground-truth | rolling | Z from $14,814 tracked, K=$2,826 | capped@Search 7.42x",low (capped - no credible Display/Video volume),7183808.0,83.0
QuickBooks,QuickBooks,2025-07-01,2025Q3,Radio,Offline,0.0,165132.0,1.0,114981.4116,above-the-line | rate-card adjustment 0.6963x,medium (Nielsen tracks above-the-line well),,
QuickBooks,QuickBooks,2025-08-01,2025Q3,Radio,Offline,0.0,112013.0,1.0,77994.6519,above-the-line | rate-card adjustment 0.6963x,medium (Nielsen tracks above-the-line well),,
QuickBooks,QuickBooks,2025-09-01,2025Q3,Radio,Offline,0.0,173145.0,1.0,120560.8635,above-the-line | rate-card adjustment 0.6963x,medium (Nielsen tracks above-the-line well),,
QuickBooks,QuickBooks,2025-10-01,2025Q4,Radio,Offline,0.0,57266.0,1.0,39874.315800000004,above-the-line | rate-card adjustment 0.6963x,medium (Nielsen tracks above-the-line well),,
QuickBooks,QuickBooks,2025-11-01,2025Q4,Radio,Offline,0.0,125084.0,1.0,87095.98920000001,above-the-line | rate-card adjustment 0.6963x,medium (Nielsen tracks above-the-line well),,
QuickBooks,QuickBooks,2025-12-01,2025Q4,Radio,Offline,0.0,82.0,1.0,57.0966,above-the-line | rate-card adjustment 0.6963x,medium (Nielsen tracks above-the-line well),,
QuickBooks,QuickBooks,2026-01-01,2026Q1,Radio,Offline,0.0,232115.0,1.0,161621.6745,above-the-line | rate-card adjustment 0.6963x,medium (Nielsen tracks above-the-line well),,
QuickBooks,QuickBooks,2026-03-01,2026Q1,Radio,Offline,0.0,141573.0,1.0,98577.27990000001,above-the-line | rate-card adjustment 0.6963x,medium (Nielsen tracks above-the-line well),,
QuickBooks,QuickBooks,2026-04-01,2026Q2,Radio,Offline,0.0,56313.0,1.0,39210.7419,above-the-line | rate-card adjustment 0.6963x,medium (Nielsen tracks above-the-line well),,
QuickBooks,QuickBooks,2025-07-01,2025Q3,Social,Online,1114339.0246441364,1239332.0,1.7902533784236152,2218718.2999884957,"QB ground-truth | rolling | Z from $1,632,952 tracked, K=$1,835,628",high,199473276.0,6.0
QuickBooks,QuickBooks,2025-08-01,2025Q3,Social,Online,203149.97810999985,2090633.38,1.7902533784236152,3742763.4715901813,"QB ground-truth | rolling | Z from $1,632,952 tracked, K=$1,835,628",high,336067058.0,4.0
QuickBooks,QuickBooks,2025-09-01,2025Q3,Social,Online,305800.9413789994,1346672.6,1.7902533784236152,2410885.171780514,"QB ground-truth | rolling | Z from $1,632,952 tracked, K=$1,835,628",high,216700038.0,6.0
QuickBooks,QuickBooks,2025-10-01,2025Q4,Social,Online,636556.2092409993,770031.64,0.4907439479773712,377888.3670810898,"QB ground-truth | rolling | Z from $4,676,638 tracked, K=$1,835,628",high,122824480.0,4.0
QuickBooks,QuickBooks,2025-11-01,2025Q4,Social,Online,925293.7171653869,580802.82,0.4907439479773712,285025.4688831905,"QB ground-truth | rolling | Z from $4,676,638 tracked, K=$1,835,628",high,90752860.0,4.0
QuickBooks,QuickBooks,2025-12-01,2025Q4,Social,Online,342708.7493710163,503017.56,0.4907439479773712,246852.8232963442,"QB ground-truth | rolling | Z from $4,676,638 tracked, K=$1,835,628",high,88503844.0,6.0
QuickBooks,QuickBooks,2026-01-01,2026Q1,Social,Online,771908.2314530003,125570.2,0.9614774684262264,120732.91800577493,"QB ground-truth | rolling | Z from $1,853,852 tracked, K=$1,835,628",high,23639736.0,8.0
QuickBooks,QuickBooks,2026-02-01,2026Q1,Social,Online,225964.5269489998,7011.04,0.9614774684262264,6740.95699023501,"QB ground-truth | rolling | Z from $1,853,852 tracked, K=$1,835,628",high,1604330.0,4.0
QuickBooks,QuickBooks,2026-03-01,2026Q1,Social,Online,499755.15720922186,2136.83,0.9614774684262264,2054.5138988572135,"QB ground-truth | rolling | Z from $1,853,852 tracked, K=$1,835,628",high,691713.0,2.0
QuickBooks,QuickBooks,2026-04-01,2026Q2,Social,Online,540449.6402471769,1526.05,1.5624898043487705,2384.437565926441,"QB ground-truth | rolling | Z from $134,718 tracked, K=$1,835,628",high,393819.0,2.0
QuickBooks,QuickBooks,2025-07-01,2025Q3,TV,Offline,0.0,639880.0,1.0,522398.032,above-the-line | rate-card adjustment 0.8164x,medium (Nielsen tracks above-the-line well),,
QuickBooks,QuickBooks,2025-09-01,2025Q3,TV,Offline,0.0,650396.0,1.0,530983.2944,above-the-line | rate-card adjustment 0.8164x,medium (Nielsen tracks above-the-line well),,
QuickBooks,QuickBooks,2025-10-01,2025Q4,TV,Offline,0.0,315982.0,1.0,257967.7048,above-the-line | rate-card adjustment 0.8164x,medium (Nielsen tracks above-the-line well),,
QuickBooks,QuickBooks,2025-11-01,2025Q4,TV,Offline,0.0,660775.0,1.0,539456.71,above-the-line | rate-card adjustment 0.8164x,medium (Nielsen tracks above-the-line well),,
QuickBooks,QuickBooks,2025-12-01,2025Q4,TV,Offline,0.0,497926.0,1.0,406506.7864,above-the-line | rate-card adjustment 0.8164x,medium (Nielsen tracks above-the-line well),,
QuickBooks,QuickBooks,2026-01-01,2026Q1,TV,Offline,0.0,688030.0,1.0,561707.692,above-the-line | rate-card adjustment 0.8164x,medium (Nielsen tracks above-the-line well),,
QuickBooks,QuickBooks,2025-07-01,2025Q3,Video,Online,794295.109783187,58020.18,4.965841448037541,288119.01466659876,"QB ground-truth | rolling | Z from $79,750 tracked, K=$35,842 | capped@Search 4.97x",low (capped - no credible Display/Video volume),14342684.0,6.0
QuickBooks,QuickBooks,2025-08-01,2025Q3,Video,Online,139194.39719000118,741.12,4.965841448037541,3680.284413969582,"QB ground-truth | rolling | Z from $79,750 tracked, K=$35,842 | capped@Search 4.97x",low (capped - no credible Display/Video volume),216996.0,2.0
QuickBooks,QuickBooks,2025-09-01,2025Q3,Video,Online,129846.17293598139,2974.5,4.965841448037541,14770.895387187664,"QB ground-truth | rolling | Z from $79,750 tracked, K=$35,842 | capped@Search 4.97x",low (capped - no credible Display/Video volume),900296.0,2.0
QuickBooks,QuickBooks,2025-10-01,2025Q4,Video,Online,199680.9843571217,3406.28,4.7975454218808276,16341.783019644226,"QB ground-truth | rolling | Z from $61,736 tracked, K=$35,842 | capped@Search 4.80x",low (capped - no credible Display/Video volume),913942.0,4.0
QuickBooks,QuickBooks,2025-11-01,2025Q4,Video,Online,343230.62625512184,114.5,4.7975454218808276,549.3189508053548,"QB ground-truth | rolling | Z from $61,736 tracked, K=$35,842 | capped@Search 4.80x",low (capped - no credible Display/Video volume),34942.0,2.0
QuickBooks,QuickBooks,2025-12-01,2025Q4,Video,Online,279781.21407064266,143.0,4.7975454218808276,686.0489953289583,"QB ground-truth | rolling | Z from $61,736 tracked, K=$35,842 | capped@Search 4.80x",low (capped - no credible Display/Video volume),37730.0,4.0
QuickBooks,QuickBooks,2026-01-01,2026Q1,Video,Online,245153.19683241623,983.78,4.554811061692058,4480.932026271413,"QB ground-truth | rolling | Z from $3,664 tracked, K=$35,842 | capped@Search 4.55x",low (capped - no credible Display/Video volume),279378.0,4.0
QuickBooks,QuickBooks,2026-02-01,2026Q1,Video,Online,0.317016,43.16,4.554811061692058,196.5856454226292,"QB ground-truth | rolling | Z from $3,664 tracked, K=$35,842 | capped@Search 4.55x",low (capped - no credible Display/Video volume),11980.0,2.0
QuickBooks,QuickBooks,2026-03-01,2026Q1,Video,Online,0.0,0.0,4.554811061692058,0.0,"QB ground-truth | rolling | Z from $3,664 tracked, K=$35,842 | capped@Search 4.55x",low (capped - no credible Display/Video volume),0.0,0.0
QuickBooks,QuickBooks,2026-04-01,2026Q2,Video,Online,0.0,3.07,7.41501625648949,22.764099907422732,"QB ground-truth | rolling | Z from $1,027 tracked, K=$35,842 | capped@Search 7.42x",low (capped - no credible Display/Video volume),0.0,1.0
Sage,QuickBooks,2025-07-01,2025Q3,Digital,Online,0.0,0.0,4.965841448037541,1354309.18340366,"QB-proxy | rolling | Z from $715,306 tracked, K=$589,994",low (factor borrowed from QuickBooks),,
Sage,QuickBooks,2025-08-01,2025Q3,Digital,Online,0.0,0.0,4.965841448037541,1705041.4301984943,"QB-proxy | rolling | Z from $715,306 tracked, K=$589,994",low (factor borrowed from QuickBooks),,
Sage,QuickBooks,2025-09-01,2025Q3,Digital,Online,0.0,0.0,4.965841448037541,1684163.6522470217,"QB-proxy | rolling | Z from $715,306 tracked, K=$589,994",low (factor borrowed from QuickBooks),,
Sage,QuickBooks,2025-10-01,2025Q4,Digital,Online,0.0,0.0,4.7975454218808276,1000128.2175247874,"QB-proxy | rolling | Z from $656,077 tracked, K=$589,994",low (factor borrowed from QuickBooks),,
Sage,QuickBooks,2025-11-01,2025Q4,Digital,Online,0.0,0.0,4.7975454218808276,1243724.3827133265,"QB-proxy | rolling | Z from $656,077 tracked, K=$589,994",low (factor borrowed from QuickBooks),,
Sage,QuickBooks,2025-12-01,2025Q4,Digital,Online,0.0,0.0,4.7975454218808276,2569124.455124055,"QB-proxy | rolling | Z from $656,077 tracked, K=$589,994",low (factor borrowed from QuickBooks),,
Sage,QuickBooks,2026-01-01,2026Q1,Digital,Online,0.0,0.0,4.554811061692058,2885625.3299851306,"QB-proxy | rolling | Z from $644,200 tracked, K=$589,994",low (factor borrowed from QuickBooks),,
Sage,QuickBooks,2026-02-01,2026Q1,Digital,Online,0.0,0.0,4.554811061692058,1425195.1704995905,"QB-proxy | rolling | Z from $644,200 tracked, K=$589,994",low (factor borrowed from QuickBooks),,
Sage,QuickBooks,2026-03-01,2026Q1,Digital,Online,0.0,0.0,4.554811061692058,2073577.5809717332,"QB-proxy | rolling | Z from $644,200 tracked, K=$589,994",low (factor borrowed from QuickBooks),,
Sage,QuickBooks,2026-04-01,2026Q2,Digital,Online,0.0,0.0,7.41501625648949,3228946.9423771026,"QB-proxy | rolling | Z from $392,325 tracked, K=$589,994",low (factor borrowed from QuickBooks),,
Sage,QuickBooks,2026-01-01,2026Q1,Direct Mail,Offline,0.0,6411.0,1.0,6411.0,above-the-line | rate-card adjustment 1.0000x,medium (Nielsen tracks above-the-line well),,
Sage,QuickBooks,2025-07-01,2025Q3,Display,Online,0.0,313712.0,4.965841448037541,1557844.052346753,"QB-proxy | rolling | Z from $3,623 tracked, K=$2,826 | capped@Search 4.97x",low (capped - no credible Display/Video volume),299617682.0,396.0
Sage,QuickBooks,2025-08-01,2025Q3,Display,Online,0.0,94046.82,4.965841448037541,467021.596812126,"QB-proxy | rolling | Z from $3,623 tracked, K=$2,826 | capped@Search 4.97x",low (capped - no credible Display/Video volume),141289062.0,476.0
Sage,QuickBooks,2025-09-01,2025Q3,Display,Online,0.0,98953.04,4.965841448037541,491385.10744131665,"QB-proxy | rolling | Z from $3,623 tracked, K=$2,826 | capped@Search 4.97x",low (capped - no credible Display/Video volume),151280856.0,426.0
Sage,QuickBooks,2025-10-01,2025Q4,Display,Online,0.0,55956.62,4.7975454218808276,268454.42610492517,"QB-proxy | rolling | Z from $2,276 tracked, K=$2,826 | capped@Search 4.80x",low (capped - no credible Display/Video volume),63822542.0,238.0
Sage,QuickBooks,2025-11-01,2025Q4,Display,Online,0.0,56133.58,4.7975454218808276,269303.3997427812,"QB-proxy | rolling | Z from $2,276 tracked, K=$2,826 | capped@Search 4.80x",low (capped - no credible Display/Video volume),64654208.0,292.0
Sage,QuickBooks,2025-12-01,2025Q4,Display,Online,0.0,50451.68,4.7975454218808276,242044.2264101965,"QB-proxy | rolling | Z from $2,276 tracked, K=$2,826 | capped@Search 4.80x",low (capped - no credible Display/Video volume),64439084.0,194.0
Sage,QuickBooks,2026-01-01,2026Q1,Display,Online,0.0,130397.02,4.554811061692058,593933.7891076804,"QB-proxy | rolling | Z from $10,656 tracked, K=$2,826 | capped@Search 4.55x",low (capped - no credible Display/Video volume),171893674.0,536.0
Sage,QuickBooks,2026-02-01,2026Q1,Display,Online,0.0,354036.12,4.554811061692058,1612567.6356145367,"QB-proxy | rolling | Z from $10,656 tracked, K=$2,826 | capped@Search 4.55x",low (capped - no credible Display/Video volume),272007792.0,346.0
Sage,QuickBooks,2026-03-01,2026Q1,Display,Online,0.0,175198.61,4.554811061692058,797996.5668210727,"QB-proxy | rolling | Z from $10,656 tracked, K=$2,826 | capped@Search 4.55x",low (capped - no credible Display/Video volume),99046027.0,124.0
Sage,QuickBooks,2026-04-01,2026Q2,Display,Online,0.0,12774.59,7.41501625648949,94723.79251998807,"QB-proxy | rolling | Z from $14,814 tracked, K=$2,826 | capped@Search 7.42x",low (capped - no credible Display/Video volume),8303159.0,121.0
Sage,QuickBooks,2025-07-01,2025Q3,Outdoor,Offline,0.0,285951.0,1.0,228760.80000000002,above-the-line | rate-card adjustment 0.8000x,medium (Nielsen tracks above-the-line well),,
Sage,QuickBooks,2025-08-01,2025Q3,Outdoor,Offline,0.0,273578.0,1.0,218862.40000000002,above-the-line | rate-card adjustment 0.8000x,medium (Nielsen tracks above-the-line well),,
Sage,QuickBooks,2025-09-01,2025Q3,Outdoor,Offline,0.0,585022.0,1.0,468017.60000000003,above-the-line | rate-card adjustment 0.8000x,medium (Nielsen tracks above-the-line well),,
Sage,QuickBooks,2025-10-01,2025Q4,Outdoor,Offline,0.0,283130.0,1.0,226504.0,above-the-line | rate-card adjustment 0.8000x,medium (Nielsen tracks above-the-line well),,
Sage,QuickBooks,2025-11-01,2025Q4,Outdoor,Offline,0.0,256475.0,1.0,205180.0,above-the-line | rate-card adjustment 0.8000x,medium (Nielsen tracks above-the-line well),,
Sage,QuickBooks,2025-12-01,2025Q4,Outdoor,Offline,0.0,179280.0,1.0,143424.0,above-the-line | rate-card adjustment 0.8000x,medium (Nielsen tracks above-the-line well),,
Sage,QuickBooks,2026-01-01,2026Q1,Outdoor,Offline,0.0,148839.0,1.0,119071.20000000001,above-the-line | rate-card adjustment 0.8000x,medium (Nielsen tracks above-the-line well),,
Sage,QuickBooks,2026-02-01,2026Q1,Outdoor,Offline,0.0,137388.0,1.0,109910.40000000001,above-the-line | rate-card adjustment 0.8000x,medium (Nielsen tracks above-the-line well),,
Sage,QuickBooks,2026-03-01,2026Q1,Outdoor,Offline,0.0,281913.0,1.0,225530.40000000002,above-the-line | rate-card adjustment 0.8000x,medium (Nielsen tracks above-the-line well),,
Sage,QuickBooks,2026-04-01,2026Q2,Outdoor,Offline,0.0,330296.0,1.0,264236.8,above-the-line | rate-card adjustment 0.8000x,medium (Nielsen tracks above-the-line well),,
Sage,QuickBooks,2025-07-01,2025Q3,Press,Offline,0.0,103603.0,1.0,145044.19999999998,above-the-line | rate-card adjustment 1.4000x,medium (Nielsen tracks above-the-line well),,
Sage,QuickBooks,2025-08-01,2025Q3,Press,Offline,0.0,49031.0,1.0,68643.4,above-the-line | rate-card adjustment 1.4000x,medium (Nielsen tracks above-the-line well),,
Sage,QuickBooks,2025-09-01,2025Q3,Press,Offline,0.0,10355.0,1.0,14496.999999999998,above-the-line | rate-card adjustment 1.4000x,medium (Nielsen tracks above-the-line well),,
Sage,QuickBooks,2025-10-01,2025Q4,Press,Offline,0.0,40027.0,1.0,56037.799999999996,above-the-line | rate-card adjustment 1.4000x,medium (Nielsen tracks above-the-line well),,
Sage,QuickBooks,2025-11-01,2025Q4,Press,Offline,0.0,128870.0,1.0,180418.0,above-the-line | rate-card adjustment 1.4000x,medium (Nielsen tracks above-the-line well),,
Sage,QuickBooks,2025-12-01,2025Q4,Press,Offline,0.0,20954.0,1.0,29335.6,above-the-line | rate-card adjustment 1.4000x,medium (Nielsen tracks above-the-line well),,
Sage,QuickBooks,2026-01-01,2026Q1,Press,Offline,0.0,37229.0,1.0,52120.6,above-the-line | rate-card adjustment 1.4000x,medium (Nielsen tracks above-the-line well),,
Sage,QuickBooks,2026-02-01,2026Q1,Press,Offline,0.0,2362.0,1.0,3306.7999999999997,above-the-line | rate-card adjustment 1.4000x,medium (Nielsen tracks above-the-line well),,
Sage,QuickBooks,2026-03-01,2026Q1,Press,Offline,0.0,17966.0,1.0,25152.399999999998,above-the-line | rate-card adjustment 1.4000x,medium (Nielsen tracks above-the-line well),,
Sage,QuickBooks,2025-07-01,2025Q3,Radio,Offline,0.0,187694.0,1.0,130691.3322,above-the-line | rate-card adjustment 0.6963x,medium (Nielsen tracks above-the-line well),,
Sage,QuickBooks,2025-08-01,2025Q3,Radio,Offline,0.0,368731.0,1.0,256747.3953,above-the-line | rate-card adjustment 0.6963x,medium (Nielsen tracks above-the-line well),,
Sage,QuickBooks,2025-09-01,2025Q3,Radio,Offline,0.0,209854.0,1.0,146121.3402,above-the-line | rate-card adjustment 0.6963x,medium (Nielsen tracks above-the-line well),,
Sage,QuickBooks,2025-10-01,2025Q4,Radio,Offline,0.0,147722.0,1.0,102858.82860000001,above-the-line | rate-card adjustment 0.6963x,medium (Nielsen tracks above-the-line well),,
Sage,QuickBooks,2025-11-01,2025Q4,Radio,Offline,0.0,138050.0,1.0,96124.21500000001,above-the-line | rate-card adjustment 0.6963x,medium (Nielsen tracks above-the-line well),,
Sage,QuickBooks,2025-12-01,2025Q4,Radio,Offline,0.0,170700.0,1.0,118858.41,above-the-line | rate-card adjustment 0.6963x,medium (Nielsen tracks above-the-line well),,
Sage,QuickBooks,2026-01-01,2026Q1,Radio,Offline,0.0,180428.0,1.0,125632.01640000001,above-the-line | rate-card adjustment 0.6963x,medium (Nielsen tracks above-the-line well),,
Sage,QuickBooks,2026-02-01,2026Q1,Radio,Offline,0.0,59072.0,1.0,41131.833600000005,above-the-line | rate-card adjustment 0.6963x,medium (Nielsen tracks above-the-line well),,
Sage,QuickBooks,2026-03-01,2026Q1,Radio,Offline,0.0,108861.0,1.0,75799.9143,above-the-line | rate-card adjustment 0.6963x,medium (Nielsen tracks above-the-line well),,
Sage,QuickBooks,2026-04-01,2026Q2,Radio,Offline,0.0,90574.0,1.0,63066.6762,above-the-line | rate-card adjustment 0.6963x,medium (Nielsen tracks above-the-line well),,
Sage,QuickBooks,2025-07-01,2025Q3,Social,Online,0.0,2329476.96,1.7902533784236152,4170353.997599973,"QB-proxy | rolling | Z from $1,632,952 tracked, K=$1,835,628",low (factor borrowed from QuickBooks),415395176.0,6.0
Sage,QuickBooks,2025-08-01,2025Q3,Social,Online,0.0,1086360.36,1.7902533784236152,1944860.304675495,"QB-proxy | rolling | Z from $1,632,952 tracked, K=$1,835,628",low (factor borrowed from QuickBooks),194105180.0,6.0
Sage,QuickBooks,2025-09-01,2025Q3,Social,Online,0.0,2562024.6,1.7902533784236152,4586673.195754412,"QB-proxy | rolling | Z from $1,632,952 tracked, K=$1,835,628",low (factor borrowed from QuickBooks),467922750.0,8.0
Sage,QuickBooks,2025-10-01,2025Q4,Social,Online,0.0,1125618.88,0.4907439479773712,552390.6530890667,"QB-proxy | rolling | Z from $4,676,638 tracked, K=$1,835,628",low (factor borrowed from QuickBooks),213243920.0,8.0
Sage,QuickBooks,2025-11-01,2025Q4,Social,Online,0.0,1058157.54,0.4907439479773712,519284.4087616231,"QB-proxy | rolling | Z from $4,676,638 tracked, K=$1,835,628",low (factor borrowed from QuickBooks),249986554.0,8.0
Sage,QuickBooks,2025-12-01,2025Q4,Social,Online,0.0,1159266.14,0.4907439479773712,568902.8423000879,"QB-proxy | rolling | Z from $4,676,638 tracked, K=$1,835,628",low (factor borrowed from QuickBooks),306815406.0,8.0
Sage,QuickBooks,2026-01-01,2026Q1,Social,Online,0.0,2309554.3,0.9614774684262264,2220584.4215569054,"QB-proxy | rolling | Z from $1,853,852 tracked, K=$1,835,628",low (factor borrowed from QuickBooks),518511870.0,8.0
Sage,QuickBooks,2026-02-01,2026Q1,Social,Online,0.0,1471062.52,0.9614774684262264,1414393.467626305,"QB-proxy | rolling | Z from $1,853,852 tracked, K=$1,835,628",low (factor borrowed from QuickBooks),356765628.0,6.0
Sage,QuickBooks,2026-03-01,2026Q1,Social,Online,0.0,856991.79,0.9614774684262264,823978.2967112602,"QB-proxy | rolling | Z from $1,853,852 tracked, K=$1,835,628",low (factor borrowed from QuickBooks),199005161.0,3.0
Sage,QuickBooks,2026-04-01,2026Q2,Social,Online,0.0,936022.02,1.5624898043487705,1462524.862895941,"QB-proxy | rolling | Z from $134,718 tracked, K=$1,835,628",low (factor borrowed from QuickBooks),189903228.0,3.0
Sage,QuickBooks,2025-08-01,2025Q3,TV,Offline,0.0,98569.0,1.0,80471.7316,above-the-line | rate-card adjustment 0.8164x,medium (Nielsen tracks above-the-line well),,
Sage,QuickBooks,2025-12-01,2025Q4,TV,Offline,0.0,834833.0,1.0,681557.6612,above-the-line | rate-card adjustment 0.8164x,medium (Nielsen tracks above-the-line well),,
Sage,QuickBooks,2026-01-01,2026Q1,TV,Offline,0.0,1038144.0,1.0,847540.7616,above-the-line | rate-card adjustment 0.8164x,medium (Nielsen tracks above-the-line well),,
Sage,QuickBooks,2026-02-01,2026Q1,TV,Offline,0.0,509240.0,1.0,415743.536,above-the-line | rate-card adjustment 0.8164x,medium (Nielsen tracks above-the-line well),,
Sage,QuickBooks,2026-03-01,2026Q1,TV,Offline,0.0,619569.0,1.0,505816.1316,above-the-line | rate-card adjustment 0.8164x,medium (Nielsen tracks above-the-line well),,
Sage,QuickBooks,2026-04-01,2026Q2,TV,Offline,0.0,575831.0,1.0,470108.42840000003,above-the-line | rate-card adjustment 0.8164x,medium (Nielsen tracks above-the-line well),,
Sage,QuickBooks,2025-07-01,2025Q3,Video,Online,0.0,223800.46,4.965841448037541,1111357.6003578675,"QB-proxy | rolling | Z from $79,750 tracked, K=$35,842 | capped@Search 4.97x",low (capped - no credible Display/Video volume),62998860.0,100.0
Sage,QuickBooks,2025-08-01,2025Q3,Video,Online,0.0,102614.24,4.965841448037541,509566.0461508717,"QB-proxy | rolling | Z from $79,750 tracked, K=$35,842 | capped@Search 4.97x",low (capped - no credible Display/Video volume),29252716.0,82.0
Sage,QuickBooks,2025-09-01,2025Q3,Video,Online,0.0,321611.72,4.965841448037541,1597072.809350644,"QB-proxy | rolling | Z from $79,750 tracked, K=$35,842 | capped@Search 4.97x",low (capped - no credible Display/Video volume),71309072.0,110.0
Sage,QuickBooks,2025-10-01,2025Q4,Video,Online,0.0,831800.2,4.7975454218808276,3990599.2414295566,"QB-proxy | rolling | Z from $61,736 tracked, K=$35,842 | capped@Search 4.80x",low (capped - no credible Display/Video volume),170827018.0,10.0
Sage,QuickBooks,2025-11-01,2025Q4,Video,Online,0.0,426739.58,4.7975454218808276,2047302.5183643473,"QB-proxy | rolling | Z from $61,736 tracked, K=$35,842 | capped@Search 4.80x",low (capped - no credible Display/Video volume),85690984.0,20.0
Sage,QuickBooks,2025-12-01,2025Q4,Video,Online,0.0,228603.62,4.7975454218808276,1096736.2505563844,"QB-proxy | rolling | Z from $61,736 tracked, K=$35,842 | capped@Search 4.80x",low (capped - no credible Display/Video volume),46116974.0,48.0
Sage,QuickBooks,2026-01-01,2026Q1,Video,Online,0.0,387990.42,4.554811061692058,1767223.0568465472,"QB-proxy | rolling | Z from $3,664 tracked, K=$35,842 | capped@Search 4.55x",low (capped - no credible Display/Video volume),94628472.0,98.0
Sage,QuickBooks,2026-02-01,2026Q1,Video,Online,0.0,503685.04,4.554811061692058,2294190.191800806,"QB-proxy | rolling | Z from $3,664 tracked, K=$35,842 | capped@Search 4.55x",low (capped - no credible Display/Video volume),112210434.0,56.0
Sage,QuickBooks,2026-03-01,2026Q1,Video,Online,0.0,582528.17,4.554811061692058,2653305.752463232,"QB-proxy | rolling | Z from $3,664 tracked, K=$35,842 | capped@Search 4.55x",low (capped - no credible Display/Video volume),126419730.0,33.0
Sage,QuickBooks,2026-04-01,2026Q2,Video,Online,0.0,13235.29,7.41501625648949,98139.89050935279,"QB-proxy | rolling | Z from $1,027 tracked, K=$35,842 | capped@Search 7.42x",low (capped - no credible Display/Video volume),3866586.0,17.0
Xero,QuickBooks,2025-07-01,2025Q3,Digital,Online,0.0,0.0,4.965841448037541,1666330.451550707,"QB-proxy | rolling | Z from $715,306 tracked, K=$589,994",low (factor borrowed from QuickBooks),,
Xero,QuickBooks,2025-12-01,2025Q4,Digital,Online,0.0,0.0,4.7975454218808276,170079.10687363366,"QB-proxy | rolling | Z from $656,077 tracked, K=$589,994",low (factor borrowed from QuickBooks),,
Xero,QuickBooks,2026-01-01,2026Q1,Digital,Online,0.0,0.0,4.554811061692058,96304.29468502874,"QB-proxy | rolling | Z from $644,200 tracked, K=$589,994",low (factor borrowed from QuickBooks),,
Xero,QuickBooks,2026-02-01,2026Q1,Digital,Online,0.0,0.0,4.554811061692058,286031.9569489439,"QB-proxy | rolling | Z from $644,200 tracked, K=$589,994",low (factor borrowed from QuickBooks),,
Xero,QuickBooks,2026-03-01,2026Q1,Digital,Online,0.0,0.0,4.554811061692058,227144.59021826345,"QB-proxy | rolling | Z from $644,200 tracked, K=$589,994",low (factor borrowed from QuickBooks),,
Xero,QuickBooks,2026-04-01,2026Q2,Digital,Online,0.0,0.0,7.41501625648949,186819.42521556665,"QB-proxy | rolling | Z from $392,325 tracked, K=$589,994",low (factor borrowed from QuickBooks),,
Xero,QuickBooks,2025-07-01,2025Q3,Display,Online,0.0,23121.28,4.965841448037541,114816.61055568141,"QB-proxy | rolling | Z from $3,623 tracked, K=$2,826 | capped@Search 4.97x",low (capped - no credible Display/Video volume),13180408.0,348.0
Xero,QuickBooks,2025-08-01,2025Q3,Display,Online,0.0,24595.44,4.965841448037541,122137.05538472044,"QB-proxy | rolling | Z from $3,623 tracked, K=$2,826 | capped@Search 4.97x",low (capped - no credible Display/Video volume),14169190.0,60.0
Xero,QuickBooks,2025-09-01,2025Q3,Display,Online,0.0,24193.18,4.965841448037541,120139.49600383287,"QB-proxy | rolling | Z from $3,623 tracked, K=$2,826 | capped@Search 4.97x",low (capped - no credible Display/Video volume),16366534.0,88.0
Xero,QuickBooks,2025-10-01,2025Q4,Display,Online,0.0,290699.04,4.7975454218808276,1394641.8484971514,"QB-proxy | rolling | Z from $2,276 tracked, K=$2,826 | capped@Search 4.80x",low (capped - no credible Display/Video volume),120044148.0,84.0
Xero,QuickBooks,2025-11-01,2025Q4,Display,Online,0.0,6601.7,4.7975454218808276,31671.95561163066,"QB-proxy | rolling | Z from $2,276 tracked, K=$2,826 | capped@Search 4.80x",low (capped - no credible Display/Video volume),7209366.0,48.0
Xero,QuickBooks,2025-12-01,2025Q4,Display,Online,0.0,92084.1,4.7975454218808276,441777.65238301636,"QB-proxy | rolling | Z from $2,276 tracked, K=$2,826 | capped@Search 4.80x",low (capped - no credible Display/Video volume),60839786.0,32.0
Xero,QuickBooks,2026-01-01,2026Q1,Display,Online,0.0,87284.7,4.554811061692058,397565.31707647274,"QB-proxy | rolling | Z from $10,656 tracked, K=$2,826 | capped@Search 4.55x",low (capped - no credible Display/Video volume),103855948.0,16.0
Xero,QuickBooks,2026-02-01,2026Q1,Display,Online,0.0,85062.06,4.554811061692058,387441.6118183135,"QB-proxy | rolling | Z from $10,656 tracked, K=$2,826 | capped@Search 4.55x",low (capped - no credible Display/Video volume),68179562.0,26.0
Xero,QuickBooks,2026-03-01,2026Q1,Display,Online,0.0,55024.54,4.554811061692058,250626.3834565171,"QB-proxy | rolling | Z from $10,656 tracked, K=$2,826 | capped@Search 4.55x",low (capped - no credible Display/Video volume),36938644.0,71.0
Xero,QuickBooks,2026-04-01,2026Q2,Display,Online,0.0,49785.46,7.41501625648949,369159.9952368072,"QB-proxy | rolling | Z from $14,814 tracked, K=$2,826 | capped@Search 7.42x",low (capped - no credible Display/Video volume),34937152.0,68.0
Xero,QuickBooks,2025-07-01,2025Q3,Outdoor,Offline,0.0,0.0,1.0,0.0,above-the-line | rate-card adjustment 0.8000x,medium (Nielsen tracks above-the-line well),,
Xero,QuickBooks,2026-02-01,2026Q1,Outdoor,Offline,0.0,0.0,1.0,0.0,above-the-line | rate-card adjustment 0.8000x,medium (Nielsen tracks above-the-line well),,
Xero,QuickBooks,2026-03-01,2026Q1,Outdoor,Offline,0.0,0.0,1.0,0.0,above-the-line | rate-card adjustment 0.8000x,medium (Nielsen tracks above-the-line well),,
Xero,QuickBooks,2026-04-01,2026Q2,Outdoor,Offline,0.0,0.0,1.0,0.0,above-the-line | rate-card adjustment 0.8000x,medium (Nielsen tracks above-the-line well),,
Xero,QuickBooks,2025-12-01,2025Q4,Press,Offline,0.0,38598.0,1.0,54037.2,above-the-line | rate-card adjustment 1.4000x,medium (Nielsen tracks above-the-line well),,
Xero,QuickBooks,2026-02-01,2026Q1,Press,Offline,0.0,22494.0,1.0,31491.6,above-the-line | rate-card adjustment 1.4000x,medium (Nielsen tracks above-the-line well),,
Xero,QuickBooks,2026-03-01,2026Q1,Press,Offline,0.0,9045.0,1.0,12663.0,above-the-line | rate-card adjustment 1.4000x,medium (Nielsen tracks above-the-line well),,
Xero,QuickBooks,2025-07-01,2025Q3,Radio,Offline,0.0,212034.0,1.0,147639.2742,above-the-line | rate-card adjustment 0.6963x,medium (Nielsen tracks above-the-line well),,
Xero,QuickBooks,2025-12-01,2025Q4,Radio,Offline,0.0,17136.0,1.0,11931.7968,above-the-line | rate-card adjustment 0.6963x,medium (Nielsen tracks above-the-line well),,
Xero,QuickBooks,2026-01-01,2026Q1,Radio,Offline,0.0,53191.0,1.0,37036.8933,above-the-line | rate-card adjustment 0.6963x,medium (Nielsen tracks above-the-line well),,
Xero,QuickBooks,2026-02-01,2026Q1,Radio,Offline,0.0,115993.0,1.0,80765.9259,above-the-line | rate-card adjustment 0.6963x,medium (Nielsen tracks above-the-line well),,
Xero,QuickBooks,2026-03-01,2026Q1,Radio,Offline,0.0,108573.0,1.0,75599.3799,above-the-line | rate-card adjustment 0.6963x,medium (Nielsen tracks above-the-line well),,
Xero,QuickBooks,2026-04-01,2026Q2,Radio,Offline,0.0,63383.0,1.0,44133.5829,above-the-line | rate-card adjustment 0.6963x,medium (Nielsen tracks above-the-line well),,
Xero,QuickBooks,2025-07-01,2025Q3,Social,Online,0.0,3971340.52,1.7902533784236152,7109705.782800597,"QB-proxy | rolling | Z from $1,632,952 tracked, K=$1,835,628",low (factor borrowed from QuickBooks),889346022.0,6.0
Xero,QuickBooks,2025-08-01,2025Q3,Social,Online,0.0,4245446.1,1.7902533784236152,7600424.22344036,"QB-proxy | rolling | Z from $1,632,952 tracked, K=$1,835,628",low (factor borrowed from QuickBooks),899676988.0,8.0
Xero,QuickBooks,2025-09-01,2025Q3,Social,Online,0.0,3089069.0,1.7902533784236152,5530216.213433659,"QB-proxy | rolling | Z from $1,632,952 tracked, K=$1,835,628",low (factor borrowed from QuickBooks),717600494.0,8.0
Xero,QuickBooks,2025-10-01,2025Q4,Social,Online,0.0,3681455.14,0.4907439479773712,1806651.829705186,"QB-proxy | rolling | Z from $4,676,638 tracked, K=$1,835,628",low (factor borrowed from QuickBooks),784816310.0,8.0
Xero,QuickBooks,2025-11-01,2025Q4,Social,Online,0.0,3715398.62,0.4907439479773712,1823309.3870884767,"QB-proxy | rolling | Z from $4,676,638 tracked, K=$1,835,628",low (factor borrowed from QuickBooks),762617548.0,8.0
Xero,QuickBooks,2025-12-01,2025Q4,Social,Online,0.0,3032271.92,0.4907439479773712,1488069.0933617235,"QB-proxy | rolling | Z from $4,676,638 tracked, K=$1,835,628",low (factor borrowed from QuickBooks),714724620.0,8.0
Xero,QuickBooks,2026-01-01,2026Q1,Social,Online,0.0,4771130.18,0.9614774684262264,4587334.166998366,"QB-proxy | rolling | Z from $1,853,852 tracked, K=$1,835,628",low (factor borrowed from QuickBooks),1028087192.0,8.0
Xero,QuickBooks,2026-02-01,2026Q1,Social,Online,0.0,5218994.84,0.9614774684262264,5017945.946492738,"QB-proxy | rolling | Z from $1,853,852 tracked, K=$1,835,628",low (factor borrowed from QuickBooks),1111695726.0,8.0
Xero,QuickBooks,2026-03-01,2026Q1,Social,Online,0.0,1964519.82,0.9614774684262264,1888841.543206746,"QB-proxy | rolling | Z from $1,853,852 tracked, K=$1,835,628",low (factor borrowed from QuickBooks),439345704.0,4.0
Xero,QuickBooks,2026-04-01,2026Q2,Social,Online,0.0,2227391.71,1.5624898043487705,3480276.837165973,"QB-proxy | rolling | Z from $134,718 tracked, K=$1,835,628",low (factor borrowed from QuickBooks),481201255.0,4.0
Xero,QuickBooks,2025-07-01,2025Q3,TV,Offline,0.0,526782.0,1.0,430064.8248,above-the-line | rate-card adjustment 0.8164x,medium (Nielsen tracks above-the-line well),,
Xero,QuickBooks,2025-07-01,2025Q3,Video,Online,0.0,78556.18,4.965841448037541,390097.53464349767,"QB-proxy | rolling | Z from $79,750 tracked, K=$35,842 | capped@Search 4.97x",low (capped - no credible Display/Video volume),21776980.0,8.0
Xero,QuickBooks,2025-08-01,2025Q3,Video,Online,0.0,151190.06,4.965841448037541,750785.8664792826,"QB-proxy | rolling | Z from $79,750 tracked, K=$35,842 | capped@Search 4.97x",low (capped - no credible Display/Video volume),41007280.0,10.0
Xero,QuickBooks,2025-09-01,2025Q3,Video,Online,0.0,35042.44,4.965841448037541,174015.20099236866,"QB-proxy | rolling | Z from $79,750 tracked, K=$35,842 | capped@Search 4.97x",low (capped - no credible Display/Video volume),9673968.0,6.0
Xero,QuickBooks,2025-10-01,2025Q4,Video,Online,0.0,148235.42,4.7975454218808276,711166.1605815818,"QB-proxy | rolling | Z from $61,736 tracked, K=$35,842 | capped@Search 4.80x",low (capped - no credible Display/Video volume),30703724.0,8.0
Xero,QuickBooks,2025-11-01,2025Q4,Video,Online,0.0,554913.24,4.7975454218808276,2662221.474103057,"QB-proxy | rolling | Z from $61,736 tracked, K=$35,842 | capped@Search 4.80x",low (capped - no credible Display/Video volume),102662296.0,6.0
Xero,QuickBooks,2025-12-01,2025Q4,Video,Online,0.0,230666.58,4.7975454218808276,1106633.3948599077,"QB-proxy | rolling | Z from $61,736 tracked, K=$35,842 | capped@Search 4.80x",low (capped - no credible Display/Video volume),49427994.0,8.0
Xero,QuickBooks,2026-01-01,2026Q1,Video,Online,0.0,1002658.42,4.554811061692058,4566919.662514681,"QB-proxy | rolling | Z from $3,664 tracked, K=$35,842 | capped@Search 4.55x",low (capped - no credible Display/Video volume),215481240.0,8.0
Xero,QuickBooks,2026-02-01,2026Q1,Video,Online,0.0,940947.66,4.554811061692058,4285838.810241258,"QB-proxy | rolling | Z from $3,664 tracked, K=$35,842 | capped@Search 4.55x",low (capped - no credible Display/Video volume),197888840.0,12.0
Xero,QuickBooks,2026-03-01,2026Q1,Video,Online,0.0,432402.9,4.554811061692058,1969513.5120277246,"QB-proxy | rolling | Z from $3,664 tracked, K=$35,842 | capped@Search 4.55x",low (capped - no credible Display/Video volume),87934720.0,5.0
Xero,QuickBooks,2026-04-01,2026Q2,Video,Online,0.0,161374.96,7.41501625648949,1196597.9517903412,"QB-proxy | rolling | Z from $1,027 tracked, K=$35,842 | capped@Search 7.42x",low (capped - no credible Display/Video volume),34673077.0,5.0
Zoho,QuickBooks,2025-07-01,2025Q3,Display,Online,0.0,5275.42,4.965841448037541,26196.899291806203,"QB-proxy | rolling | Z from $3,623 tracked, K=$2,826 | capped@Search 4.97x",low (capped - no credible Display/Video volume),2612804.0,448.0
Zoho,QuickBooks,2025-08-01,2025Q3,Display,Online,0.0,4578.58,4.965841448037541,22736.50233715572,"QB-proxy | rolling | Z from $3,623 tracked, K=$2,826 | capped@Search 4.97x",low (capped - no credible Display/Video volume),2569802.0,632.0
Zoho,QuickBooks,2025-09-01,2025Q3,Display,Online,0.0,23388.54,4.965841448037541,116143.78134108394,"QB-proxy | rolling | Z from $3,623 tracked, K=$2,826 | capped@Search 4.97x",low (capped - no credible Display/Video volume),7906770.0,966.0
Zoho,QuickBooks,2025-10-01,2025Q4,Display,Online,0.0,23200.98,4.7975454218808276,111307.75538214864,"QB-proxy | rolling | Z from $2,276 tracked, K=$2,826 | capped@Search 4.80x",low (capped - no credible Display/Video volume),8382624.0,1068.0
Zoho,QuickBooks,2025-11-01,2025Q4,Display,Online,0.0,4241.46,4.7975454218808276,20348.597005090654,"QB-proxy | rolling | Z from $2,276 tracked, K=$2,826 | capped@Search 4.80x",low (capped - no credible Display/Video volume),2770304.0,528.0
Zoho,QuickBooks,2025-12-01,2025Q4,Display,Online,0.0,4122.7,4.7975454218808276,19778.840510788086,"QB-proxy | rolling | Z from $2,276 tracked, K=$2,826 | capped@Search 4.80x",low (capped - no credible Display/Video volume),3008390.0,276.0
Zoho,QuickBooks,2026-01-01,2026Q1,Display,Online,0.0,3871.98,4.554811061692058,17636.137334650415,"QB-proxy | rolling | Z from $10,656 tracked, K=$2,826 | capped@Search 4.55x",low (capped - no credible Display/Video volume),2591598.0,110.0
Zoho,QuickBooks,2026-02-01,2026Q1,Display,Online,0.0,9974.26,4.554811061692058,45430.869780192625,"QB-proxy | rolling | Z from $10,656 tracked, K=$2,826 | capped@Search 4.55x",low (capped - no credible Display/Video volume),13441340.0,98.0
Zoho,QuickBooks,2026-03-01,2026Q1,Display,Online,0.0,23640.53,4.554811061692058,107678.14754826293,"QB-proxy | rolling | Z from $10,656 tracked, K=$2,826 | capped@Search 4.55x",low (capped - no credible Display/Video volume),29274202.0,131.0
Zoho,QuickBooks,2026-04-01,2026Q2,Display,Online,0.0,37573.32,7.41501625648949,278606.77861028165,"QB-proxy | rolling | Z from $14,814 tracked, K=$2,826 | capped@Search 7.42x",low (capped - no credible Display/Video volume),50056956.0,146.0
Zoho,QuickBooks,2025-07-01,2025Q3,Social,Online,0.0,13232.55,1.7902533784236152,23689.617342659407,"QB-proxy | rolling | Z from $1,632,952 tracked, K=$1,835,628",low (factor borrowed from QuickBooks),3000084.0,6.0
Zoho,QuickBooks,2025-08-01,2025Q3,Social,Online,0.0,17494.21,1.7902533784236152,31319.06855535219,"QB-proxy | rolling | Z from $1,632,952 tracked, K=$1,835,628",low (factor borrowed from QuickBooks),3673542.0,6.0
Zoho,QuickBooks,2025-09-01,2025Q3,Social,Online,0.0,9312.24,1.7902533784236152,16671.269120691526,"QB-proxy | rolling | Z from $1,632,952 tracked, K=$1,835,628",low (factor borrowed from QuickBooks),2073685.0,6.0
Zoho,QuickBooks,2025-10-01,2025Q4,Social,Online,0.0,12114.48,0.4907439479773712,5945.107742892904,"QB-proxy | rolling | Z from $4,676,638 tracked, K=$1,835,628",low (factor borrowed from QuickBooks),3205674.0,6.0
Zoho,QuickBooks,2025-11-01,2025Q4,Social,Online,0.0,11549.66,0.4907439479773712,5667.925746196325,"QB-proxy | rolling | Z from $4,676,638 tracked, K=$1,835,628",low (factor borrowed from QuickBooks),3722208.0,8.0
Zoho,QuickBooks,2025-12-01,2025Q4,Social,Online,0.0,40431.1,0.4907439479773712,19841.31763506789,"QB-proxy | rolling | Z from $4,676,638 tracked, K=$1,835,628",low (factor borrowed from QuickBooks),8356774.0,10.0
Zoho,QuickBooks,2026-01-01,2026Q1,Social,Online,0.0,61056.56,0.9614774684262264,58704.50673961399,"QB-proxy | rolling | Z from $1,853,852 tracked, K=$1,835,628",low (factor borrowed from QuickBooks),14286643.0,8.0
Zoho,QuickBooks,2026-02-01,2026Q1,Social,Online,0.0,68024.49,0.9614774684262264,65404.014436185156,"QB-proxy | rolling | Z from $1,853,852 tracked, K=$1,835,628",low (factor borrowed from QuickBooks),14549830.0,8.0
Zoho,QuickBooks,2026-03-01,2026Q1,Social,Online,0.0,18862.46,0.9614774684262264,18135.830289090958,"QB-proxy | rolling | Z from $1,853,852 tracked, K=$1,835,628",low (factor borrowed from QuickBooks),21935605.0,4.0
Zoho,QuickBooks,2026-04-01,2026Q2,Social,Online,0.0,11504.36,1.5624898043487705,17975.445205557822,"QB-proxy | rolling | Z from $134,718 tracked, K=$1,835,628",low (factor borrowed from QuickBooks),8029786.0,3.0
Zoho,QuickBooks,2025-07-01,2025Q3,Video,Online,0.0,14657.44,4.965841448037541,72786.52307412337,"QB-proxy | rolling | Z from $79,750 tracked, K=$35,842 | capped@Search 4.97x",low (capped - no credible Display/Video volume),3597468.0,6.0
Zoho,QuickBooks,2025-08-01,2025Q3,Video,Online,0.0,31744.44,4.965841448037541,157637.85589674083,"QB-proxy | rolling | Z from $79,750 tracked, K=$35,842 | capped@Search 4.97x",low (capped - no credible Display/Video volume),9350796.0,6.0
Zoho,QuickBooks,2025-09-01,2025Q3,Video,Online,0.0,25932.8,4.965841448037541,128778.17310366793,"QB-proxy | rolling | Z from $79,750 tracked, K=$35,842 | capped@Search 4.97x",low (capped - no credible Display/Video volume),7728982.0,2.0
Zoho,QuickBooks,2025-10-01,2025Q4,Video,Online,0.0,8261.54,4.7975454218808276,39635.11340468533,"QB-proxy | rolling | Z from $61,736 tracked, K=$35,842 | capped@Search 4.80x",low (capped - no credible Display/Video volume),2456680.0,2.0
Zoho,QuickBooks,2025-11-01,2025Q4,Video,Online,0.0,52981.2,4.7975454218808276,254179.7135057525,"QB-proxy | rolling | Z from $61,736 tracked, K=$35,842 | capped@Search 4.80x",low (capped - no credible Display/Video volume),11623254.0,16.0
Zoho,QuickBooks,2025-12-01,2025Q4,Video,Online,0.0,75648.18,4.7975454218808276,362925.5796326168,"QB-proxy | rolling | Z from $61,736 tracked, K=$35,842 | capped@Search 4.80x",low (capped - no credible Display/Video volume),20959820.0,8.0
Zoho,QuickBooks,2026-01-01,2026Q1,Video,Online,0.0,98926.02,4.554811061692058,450589.33018516976,"QB-proxy | rolling | Z from $3,664 tracked, K=$35,842 | capped@Search 4.55x",low (capped - no credible Display/Video volume),23614982.0,8.0
Zoho,QuickBooks,2026-02-01,2026Q1,Video,Online,0.0,699022.48,4.554811061692058,3183915.324275415,"QB-proxy | rolling | Z from $3,664 tracked, K=$35,842 | capped@Search 4.55x",low (capped - no credible Display/Video volume),143628498.0,8.0
Zoho,QuickBooks,2026-03-01,2026Q1,Video,Online,0.0,167805.19,4.554811061692058,764320.9356213375,"QB-proxy | rolling | Z from $3,664 tracked, K=$35,842 | capped@Search 4.55x",low (capped - no credible Display/Video volume),38607665.0,4.0
Zoho,QuickBooks,2026-04-01,2026Q2,Video,Online,0.0,174569.78,7.41501625648949,1294437.7565917938,"QB-proxy | rolling | Z from $1,027 tracked, K=$35,842 | capped@Search 7.42x",low (capped - no credible Display/Video volume),43185281.0,3.0
