Q,Channel,last_quarter_factor,trailing4_factor,credibility_Z,blended_factor,basis,uncapped_factor,capped
2025Q1,Digital,4.5953372602298,4.5953372602298,0.8,4.5953372602298,seed (in-sample) - no prior quarter exists,4.5953372602298,False
2025Q1,Social,16.49535593550726,16.49535593550726,0.8,16.49535593550726,seed (in-sample) - no prior quarter exists,16.49535593550726,False
2025Q1,Video,13726.135938816566,13726.135938816566,0.8,4.5953372602298,seed (in-sample) - no prior quarter exists | capped@Search 4.60x,13726.135938816566,True
2025Q1,Display,2311.115055516654,2311.115055516654,0.8,4.5953372602298,seed (in-sample) - no prior quarter exists | capped@Search 4.60x,2311.115055516654,True
2025Q2,Digital,4.5953372602298,4.5953372602298,0.6145358233510614,4.5953372602298,"rolling | Z from $940,612 tracked, K=$589,994",4.5953372602298,False
2025Q2,Social,16.49535593550726,16.49535593550726,0.054677096997579604,16.49535593550726,"rolling | Z from $106,172 tracked, K=$1,835,628",16.49535593550726,False
2025Q2,Video,13726.135938816566,13726.135938816566,0.0023850565034887953,4.5953372602298,"rolling | Z from $86 tracked, K=$35,842 | capped@Search 4.60x",13726.135938816567,True
2025Q2,Display,2311.115055516654,2311.115055516654,0.026101580431051714,4.5953372602298,"rolling | Z from $76 tracked, K=$2,826 | capped@Search 4.60x",2311.115055516654,True
2025Q3,Digital,5.093828573752955,4.81067031425293,0.5480014393747372,4.9658414480297886,"rolling | Z from $715,306 tracked, K=$589,994",4.9658414480297886,False
2025Q3,Social,1.2992964858504437,2.2270025513335505,0.4707840003005726,1.7902533787223085,"rolling | Z from $1,632,952 tracked, K=$1,835,628",1.7902533787223085,False
2025Q3,Video,17.66685764527671,32.380476921326064,0.6899267981075612,4.9658414480297886,"rolling | Z from $79,750 tracked, K=$35,842 | capped@Search 4.97x",22.229156685627643,True
2025Q3,Display,48.64950161411887,94.97918619232846,0.561789128462773,4.9658414480297886,"rolling | Z from $3,623 tracked, K=$2,826 | capped@Search 4.97x",68.95167307118092,True
2025Q4,Digital,4.790810515233133,4.8050346821110566,0.5265166173957866,4.797545421881219,"rolling | Z from $656,077 tracked, K=$589,994",4.797545421881219,False
2025Q4,Social,0.3471061799256772,0.8566906129694801,0.7181276372062031,0.49074394811067135,"rolling | Z from $4,676,638 tracked, K=$1,835,628",0.49074394811067135,False
2025Q4,Video,17.223971826868198,25.771124099595262,0.6326816767471514,4.797545421881219,"rolling | Z from $61,736 tracked, K=$35,842 | capped@Search 4.80x",20.363497468273078,True
2025Q4,Display,61.896476359587474,82.3751417662415,0.4461473334326322,4.797545421881219,"rolling | Z from $2,276 tracked, K=$2,826 | capped@Search 4.80x",73.2386398028037,True
2026Q1,Digital,4.405400883240955,4.717948406890463,0.5219601271668685,4.5548110617006765,"rolling | Z from $644,200 tracked, K=$589,994",4.5548110617006765,False
2026Q1,Social,1.0273520514206966,0.8949488757392664,0.5024697655610382,0.9614774683834516,"rolling | Z from $1,853,852 tracked, K=$1,835,628",0.9614774683834516,False
2026Q1,Video,224.5475505305685,30.785545107630064,0.09273993088637766,4.5548110617006765,"rolling | Z from $3,664 tracked, K=$35,842 | capped@Search 4.55x",48.75502009895931,True
2026Q1,Display,24.974380782529725,45.597444022408006,0.7903812746539363,4.5548110617006765,"rolling | Z from $10,656 tracked, K=$2,826 | capped@Search 4.55x",29.297361011604274,True
2026Q2,Digital,10.084112134407798,5.640163169967701,0.39938646924303656,7.41501625637168,"rolling | Z from $392,325 tracked, K=$589,994",7.41501625637168,False
2026Q2,Social,11.116756019524491,0.8612951708105345,0.06837280577030086,1.5624898035045787,"rolling | Z from $134,718 tracked, K=$1,835,628",1.5624898035045787,False
2026Q2,Video,238.72233416598462,24.218054322957048,0.027853661817803084,7.41501625637168,"rolling | Z from $1,027 tracked, K=$35,842 | capped@Search 7.42x",30.192783992176132,True
2026Q2,Display,36.084618265520085,35.634959179222065,0.8397962816410848,7.41501625637168,"rolling | Z from $14,814 tracked, K=$2,826 | capped@Search 7.42x",36.01258120790127,True
